{
  "tool": "scapy",
  "iface": "lo",
  "duration_s": 5.0,
  "payload_bytes": 64,
  "sent": 1095808,
  "captured": 19891,
  "loss": 1075917,
  "capture_ratio": 0.018151902523069734,
  "send_pps": 219161.6,
  "captured_pps": 3978.2,
  "elapsed_s": 6.059581027016975
}
