{
  "tool": "scapy",
  "iface": "lo",
  "duration_s": 5.0,
  "payload_bytes": 64,
  "sent": 1561266,
  "captured": 28913,
  "loss": 1532353,
  "capture_ratio": 0.018518945522415783,
  "send_pps": 312253.2,
  "captured_pps": 5782.6,
  "elapsed_s": 6.062856134027243
}
